domgroup,resdet,frequency,type
CH,H_499_GLN,0.8767333333333334,WT
CH,H_499_GLN,0.5753,MT
CM,C_201_THR,0.9992333333333333,WT
CM,C_201_THR,0.7431,MT
CM,C_272_PRO,0.9976333333333334,WT
CM,C_272_PRO,0.0016,MT
CM,C_342_TRP,0.567,WT
CM,C_342_TRP,0.22006666666666666,MT
CM,M_285_VAL,0.6987,WT
CM,M_285_VAL,0.17143333333333333,MT
CM,M_296_VAL,0.453,WT
CM,M_296_VAL,0.13986666666666667,MT
CM,M_321_ALA,0,WT
CM,M_321_ALA,0.5957,MT
CM,M_321_TYR,1.0,WT
CM,M_321_TYR,0,MT
CP,C_136_THR,0.6591666666666667,WT
CP,C_136_THR,0.3138666666666667,MT
HM,H_456_THR,0.3317,WT
HM,H_456_THR,0.9323,MT
HM,H_500_LEU,0.7669333333333334,WT
HM,H_500_LEU,0.3441,MT
HM,H_501_GLY,0.9505333333333333,WT
HM,H_501_GLY,0.6126333333333334,MT
HM,M_308_GLU,0.6745666666666666,WT
HM,M_308_GLU,0.20986666666666667,MT
MP,P_584_GLN,0.4401333333333333,WT
MP,P_584_GLN,0.1698,MT
